trunoest,ardinRsN1mNYVeoJWTBsWeYeXvuR9UUDGMsCDKpb6AT
Cented,CyaE1VxvBrahnPWkqm5VsdCvyS2QmNht2UFrKJHga54o
decu,4vw54BmAogeRV3vPKWyFet5yf8DTLcREzdSzx4rw9Ud9
Cupsey,2fg5QD1eD7rzNNCsvnhmXFm5hqNgwTTG8p7kQ6f3rx6f
cap,CAPn1yH4oSywsxGU456jfgTrSSUidf9jgeAnHceNUJdw
Trenchman,Hw5UKBU5k3YudnGwaykj5E8cYUidNMPuEewRRar5Xoc7
Lynk,CkPFGv2Wv1vwdWjtXioEgb8jhZQfs3eVZez3QCetu7xD
bust,FzVQSzj8JJr6WMGqbUHzx2XH1KkrfxRrRPv6WcbbZmND
Domy,3LUfv2u5yzsDtUzPdsSJ7ygPBuqwfycMkjpNreRR2Yww
Sebastian,3BLjRcxWGtR7WRshJ3hL25U3RjWr5Ud98wMcczQqk4Ei
Mr. Frog,4DdrfiDHpmx55i4SPssxVzS9ZaKLb8qr45NKY9Er9nNh
OGAntD,215nhcAHjQQGgwpQSJQ7zR26etbjjtVdW74NLzwEgQjP
Smokez,5t9xBNuDdGTGpjaPTx6hKd7sdRJbvtKS8Mhq6qVbo8Qz
Leck,98T65wcMEjoNLDTJszBHGZEX75QRe8QaANXokv4yw3Mp
peacefuldestroy,8AtQ4ka3dgtrH1z4Uq3Tm4YdMN3cK5RRj1eKuGNnvenm
theo,Bi4rd5FH5bYEN8scZ7wevxNZyNmKHdaBcvewdPFxYdLt
lyftical,951wq3qDowjKHaycrNaiRB5WpovYVKXnqhnrcKPh46zt
rayan,BNahnx13rLru9zxuWNGBD7vVv1pGQXB11Q7qeTyupdWf
ban,EqiFgyNw6kgrmYstWyrP8VjKhka7XEmKTZzHSmwpr1Zb
Limfork.eth,BQVz7fQ1WsQmSTMY3umdPEPPTm1sdcBcX9sP7o6kPRmB
Nikolai,97K6nsFhBWDKwQf6heDDhDtsCRC4779LPHSFZkc2zqK4
slingoor,5YRgrP3mjGzrzirYYN5HAQH19cTYREYwGxW6XRJQUzij
noob mini,AGqjivJr1dSv73TVUvdtqAwogzmThzvYMVXjGWg2FYLm
crypto cir...,515vh1DrPuwMATt9Zoq9kP4sJL9fyojA1dHJu4DQpNRp
极客迷因,ENAwWEoHyh2BbiNcY6BJN4voPMw8i3J75LTUECRq3Dy1
el charto,CCUcjek5p6DLoH2YNtjizxYhAnStXAQAGVxhp1cYJF7w
Idontpaytaxes,2T5NgDDidkvhJQg8AHDi74uCFwgp25pYFMRZXBaCUNBH
The Doc,DYAn4XpAkN5mhiXkRB7dGq4Jadnx6XYgu8L5b3WGhbrt
Kev,BTf4A2exGK9BCVDNzy65b9dUzXgMqB4weVkvTMFQsadd
fz7,G2mgnzpr59vYjKpwU9q5zVfS9yQ9HezMwjuqF7LACvR4
Cupsey,suqh5sHtr8HyJ7q8scBimULPkPpA557prMG47xCHQfK
Spuno,GfXQesPe3Zuwg8JhAt6Cg8euJDTVx751enp9EQQmhzPH
dv,BCagckXeMChUKrHEd6fKFA1uiWDtcmCXMsqaheLiUPJd
wizard,DwCp9GZw3ueoXPykHSPUkRZEwcTVbJH2i9Sf1cXYicWf
omar,Dgehc8YMv6dHsiPJVoumvq4pSBkMVvrTgTUg7wdcYJPJ
Jijo,4BdKaxN8G6ka4GYtQQWk4G4dZRUTX2vQH9GcXdBREFUk
Qtdegen,7tiRXPM4wwBMRMYzmywRAE6jveS3gDbNyxgRrEoU6RLA
Kaaox,3j5c4aD1aznxQXJ3DWw1b7UD8kKuaqXVbpaVeWPR83TG
Daumen,8MaVa9kdt3NW4Q5HyNAm1X5LbR8PQRVDc1W8NMVK88D5
samsrep,CUHBzSPSaNS3tArEtM3maSV6pNdJhHJFYZpurPPK9P7H
Gfree,4yo9CUuTBbds9NFhZd4MzPiZZkUvveXdTnAH8qMsE8ku
lyftical,2hN82SXLUffhG3vxpezRmae1sGrCBMqHHBDxjmjpagqk
Lowskii (believes),41uh7g1DxYaYXdtjBiYCHcgBniV9Wx57b7HU7RXmx1Gg
radiance,FAicXNV5FVqtfbpn4Zccs71XcfGeyxBSGbqLDyDJZjke
Clown,EDXHdSFdadFbYFFjxPXBqMe1kCEDFqpPu552uvp48HR8
tobx,HmBmSYwYEgEZuBUYuDs9xofyqBAkw4ywugB1d7R7sTGh
zeropnl,4xY9T1Q7foJzJsJ6YZDSsfp9zkzeZsXnxd45SixduMmr
3KjP...iJeK,3KjPSecsTZdAYyQ6y6b7mzAn9rx4jPaTE7YAHXg8iJeK
Fox 🦊,DAEdBmTPEKM6xkwfzC3d411QUe6coKpkND6UURa4CvHC
Schoen,5hAgYC8TJCcEZV7LTXAzkTrm7YL29YXyQQJPCNrG84zM
Pikalosi,9cdZg6xR4c9kZiqKSzqjn4QHCXNQuC9HEWBzzMJ3mzqw
Nikolas (aura arc),iPUp3qkm39ycMGbywWFMUyvaDhiiPGXeWXaDtmHNe6C
FBGV...pyM9,FBGVRUaDFtyZSnpVcoruu4wHaH4SrRRStjRqM9S7pyM9
EustazZ,FqamE7xrahg7FEWoByrx1o8SeyHt44rpmE6ZQfT7zrve
Apex 屮,HYSq1KBAvqWpEv1pCbV31muKM1za5A1WSHGdiVLUoNhb
milito,EeXvxkcGqMDZeTaVeawzxm9mbzZwqDUMmfG3bF7uzumH
S,ApRnQN2HkbCn7W2WWiT2FEKvuKJp9LugRyAE1a9Hdz1
Xelf,9Vk7pkBZ9KFJmzaPzNYjGedyz8qoKMQtnYyYi2AehNMT
Bluey,6TAHDM5Tod7dBTZdYQxzgJZKxxPfiNV9udPHMiUNumyK
Risk,BHREKFkPQgAtDs8Vb1UfLkUpjG6ScidTjHaCWFuG2AtX
6vHB...bPj3,6vHBQhCPDeRbMSvbjiLyELkPBgiyjdGb4TruMht7bPj3
Ethan Prosper,sAdNbe1cKNMDqDsa4npB3TfL62T14uAo2MsUQfLvzLT
SKX 🔶,C4eZg1rJX6v1u7LzqermPrA1pDNNxQe6g3vyY5cHHoWq
F4ji...UHks,F4jikiHHxxt9aoJTawZbxpXNwfjRyo3gphjLMFMEUHks
Kadenox,B32QbbdDAyhvUQzjcaM5j6ZVKwjCxAwGH5Xgvb9SJqnC
379B...uNxE,379BeEMFYxgrEr5n31tSAtQNjNvwTram8fo5EbRWuNxE
Dali,CvNiezB8hofusHCKqu8irJ6t2FKY7VjzpSckofMzk5mB
HTMd...KXVV,HTMdJHSGhPe4VzX3CV5HCwKgvDpSx2CjcpZWkukBKXVV
Jdn,2iPgNgss7ow3v5YFkTpzABStfjFSyG3BGvP5sZqADtFM
8Y4G...nfDg,8Y4Gw7cAyTee5Ta1Po1dzXbvwAkLWPjY1yvuSbVNnfDg
Latuche,GJA1HEbxGnqBhBifH9uQauzXSB53to5rhDrzmKxhSU65
Publix,86AEJExyjeNNgcp7GrAvCXTDicf5aGWgoERbXFiG1EdD
Flames,6aXFYXbFob1ZKAEDCcqZnX2vooA3TgEqDoy5dAQbeWoV
A6rP...wizw,A6rPAGrx1s1gMTCVoH4pZJMB3gX6YminSUkpaUt3wizw
Trey,831yhv67QpKqLBJjbmw2xoDUeeFHGUx8RnuRj9imeoEs
7rqs...rKez,7rqskAg1eYcHXwL4FFdmgNuJ6rg4jCDfE29ugeeTrKez
GDAt...Z7tX,GDAtwgeoSik1aAnqPSehe8mgL4fZRhQmYfyxGw5tZ7tX
xander,B3wagQZiZU2hKa5pUCj6rrdhWsX3Q6WfTTnki9PjwzMh
Tally ꨄ︎,JAmx4Wsh7cWXRzQuVt3TCKAyDfRm9HA7ztJa4f7RM8h9
HCnT...Aozo,HCnTiXKAK3x3Nh5gop2EPhbVxCzFgcd3tj8dNWBMAozo
Wugi,862TYSvRYoiHAK3F3WwTRYAfuGiQaGdxedN9AGvRGWo2
Casino,8rvAsDKeAcEjEkiZMug9k8v1y8mW6gQQiMobd89Uy7qR
Putrick,AVjEtg2ECYKXYeqdRQXvaaAZBjfTjYuSMTR4WLhKoeQN
2Y3J...29af,2Y3Jevu8SqroPH7kAyA1mv4tQ9kA6n6x3JVvdjHN29af
GdQr...Xxmx,GdQrxo2hKhpBKMhypCYrHvH2XJvdTXRsa1NxiSPgXxmx
Megga,H31vEBxSJk1nQdUN11qZgZyhScyShhscKhvhZZU3dQoU
Gucci,YvEsBWpHK5PJ6Q8m4YrocwKeWys1NG67pbgi73UPnuX
dov 7,8nqtxpFpuXwfXG4pBLsDkkuMMPK9FjSkBMCn542HiM3v
AvdQ...GDEZ,AvdQRq82hfuTLAmFMkkPy2XsTdoNzGmU7mq54vGjGDEZ
saale,SAALE2x3sn51EyahJyqD6913L3GqHZdZo3egUdMayQp
Pengu 💫,JAunzNqs3bVBcWDjDxfq9rgLzJMCadNXoaCgfzLGMtYs
LJC,6HJetMbdHBuk3mLUainxAPpBpWzDgYbHGTS2TqDAUSX2
Ramset ✟,71PCu3E4JP5RDBoY6wJteqzxkKNXLyE1byg5BTAL9UtQ
ram,57rXqaQsvgyBKwebP2StfqQeCBjBS4jsrZFJN5aU2V9b
2mvh...yzyK,2mvh5dLDhZxCUAHap8sZVr52pVjW5BRAMTxm8iXqyzyK
BJcC...SBZt,BJcCtEiqoAR5xrTHpk7wJuXhREnY4aiba7xrYnMuSBZt
31At...q5b2,31AtzWHMeSdkA5vh4vA5Wdns2GWbzcD6qUDUNjoLq5b2
CyRU...gnNL,CyRUz172vNmXxGJZfPuWmvFoSiHZtYEXjNh4gwGNgnNL
KOREAN,6KR7SorsUQtNH6CB6JpAnWCAKeTysa95iyXeWihdNeGT
orangie,DuQabFqdC9eeBULVa7TTdZYxe8vK8ct5DZr4Xcf7docy
5xms...vpWy,5xmsFm2ipaiz6UmwUhtX5YYyGazbA3EeziZPPau7vpWy
edward,C4Svaa7djC8d3CVxaohrsedccaKqimNoJrWe9iNPdix5
JAtB...NTBC,JAtBJsjXHsAjAzRUGLFL5G8XYq7xVDXFKF4ecrHTNTBC
CfAi...jgwq,CfAiuZzDNAyCzGQur8yyZxjwABwf4DCuNjFSabWLjgwq
BNEv...SXs6,BNEvoeuxDAwdfM5KnfXXUmkDSGKEXJmi6xVGeuiWSXs6
Tom,CEUA7zVoDRqRYoeHTP58UHU6TR8yvtVbeLrX1dppqoXJ
AXXz...fdou,AXXzV9RtmrTEzKJmYiJZ16N7SSXCAVasLpTCfYvNfdou
LUKEY ✣,DjM7Tu7whh6P3pGVBfDzwXAx2zaw51GJWrJE3PwtuN7s
prettyover,2e1w3Xo441Ytvwn54wCn8itAXwCKbiizc9ynGEv14Vis
Rilsio,4fZFcK8ms3bFMpo1ACzEUz8bH741fQW4zhAMGd5yZMHu
Fg7u...MmWD,Fg7uC6p3QwKSWHP2U3MRfecsQsigyJk2ibrR2ZtUMmWD
EPwJ...m5bM,EPwJ9XJWjLmKjYfXd7JnXGDiiiiA1sWPhsVmxSqZm5bM
Gh0stee,2kv8X2a9bxnBM8NKLc6BBTX2z13GFNRL4oRotMUJRva9
EEKw...c7mf,EEKwBuDAJxFtyYvyyQLs5eHY4vxQLW68HcAHSyTyc7mf
japbitch,DemfvB4iwd3NmVquvWqWbB92yVZWFFqybqBeJGdyEeM6
BhMK...Qc8N,BhMK7Ubb5ioFUW3nCuch6TExW45DNNa6EmCnE7pTQc8N
Naruza,ASVzakePP6GNg9r95d4LPZHJDMXun6L6E4um4pu5ybJk
4LeL...yCsW,4LeLvjbvku8Z9xbCPELscQruZywzrpgFMh8mrycJyCsW
Gasp,xyzfhxfy8NhfeNG3Um3WaUvFXzNuHkrhrZMD8dsStB6
EytV...Wf6F,EytVEa356C195QwexQ7mctTQJAT6GNhVf9Ad69YqWf6F
Stigman,8fsKLLtvKNanL4ginCaiRS6UfeemY11rSf8U8fN1dJw4
brunowsky,GvTXquDAJbfrFrEGTPRPUj3WM5Bzub5yeTFzkLVHpjfD
Pocket Hitlers,9RrKUhRpbPDNxR7x88ZsCgdtqPHUfwYPjj4JdpV4FBj9
DfEZ...KGxA,DfEZjriZAtJ51dGc7F3W2czW6yTUt1oCPCVekhczKGxA
h14,BJXjRq566xt66pcxCmCMLPSuNxyUpPNBdJGP56S7fMda
F1TF...yZuY,F1TFX2wZc5RKuQrBiGtKUw2zFiu869HbDKfxWSkYyZuY
kz,F8WtsrLzexRkjv11b1sgA3Qj7E889RGYa1jFLGoPwKTB
Hn16...c4EM,Hn16ugrCagYPMWKRkqkbrype3Qpm1NbmdMStK8ZVc4EM
95FS...T2AW,95FSxd1Y36PaLtEFJTPTi1ARe8X6j6MrFSTNSRYwT2AW
DBA3...F8Bj,DBA3NirvQhAd9NdJZx1BJse8mN7XdggjbX14yiosF8Bj
3i51...nRKt,3i51cKbLbaKAqvRJdCUaq9hsnvf9kqCfMujNgFj7nRKt
44co...qU32,44cozyKbat7P827bHs8LauX3pnP9PttL3XaNudWtqU32
J4hR...B699,J4hRrYbvDqhnBvNEz2FD5A8sxY83wbQ3MRcMFZB6B699
blixze ♱,5vg7he5HibvsAW86wfiuP6jw7VwKmUAnP6P93mVCdpJu
2xRV...3wvv,2xRVMJz46oEvnUrPCLtHBRcDCiFxQEA1XNFsFR6j3wvv
EkTk...dsDp,EkTkyegY5H8kek99k2ArPTx7H5UwnFPj4K5bGNaQdsDp
AlxCooks,89HbgWduLwoxcofWpmn1EiF9wEdpgkNDEyPjzZ72mkDi
kitty,qP3Q8d4WWsGbqkTfyA9Dr6cAD7DQoBuxPJMFTK48rWU
8K4X...ApzT,8K4Xs7GKyDmArX6RmaPdtdfqYYvbhHodvzkA4h8iApzT
BULLZ 🐂,6UwCF9JCEPRFfBKibwAoyuEZukLwzATiWRjiGnH1Eass
Scharo,4sAUSQFdvWRBxR8UoLBYbw8CcXuwXWxnN8pXa4mtm5nU
FVns...W967,FVnsJMVwV4hNjzh5FSktBB36pzKLdvywGZLe3iiDW967
HqGc...h3Bm,HqGcmMrb5fjDAJB1wCfs1fboHJpTkHjdDwceCi4kh3Bm
Silver,67Nwfi9hgwqhxGoovT2JGLU67uxfomLwQAWncjXXzU6U
8WrW...JTiu,8WrWZEEujL22n2KkWx9mfE8wiAuRC52vM271Pr9CJTiu
B6je...7oZW,B6je64XEExPDE6LGnXKcQkRBXpkYiBdbz538TLss7oZW
VoEF...qjiQ,VoEFaBgsfbrUmU1kmHz82vNQmqjaRA2weDH63yTqjiQ
FfFq...bPbN,FfFqsntrKYVmFrKKTrcLoKexxcNtBzThKfj9iTfxbPbN
EYoy...bMZ8,EYoySEBZp6BJ6vPKRKnj9SR7XK9cVjbKG7kcgn8kbMZ8
H1mV...AePC,H1mVExQQbDaJxdqab27ZDyNchuyfbHyh2dSRwmuKAePC
H4HW...CNjM,H4HWiZ7p1fQumDFyXwMMXCgfTcnMA2MhBNj2WaBrCNjM
tdDm...yvT8,tdDmurGTJ288UndUeueSpYcjwpSQY2kGxzrTC2FyvT8
A3Zc...m6Sg,A3ZcnXcCnLDWsCgxMDryqFPLCP6dpMGEs5eaHHwjm6Sg
8qtD...xaLq,8qtDSqU9DRKbzdKt64HAwVGjQQLwVUpsDqo7Dje8xaLq
Giann,GNrmKZCxYyNiSUsjduwwPJzhed3LATjciiKVuSGrsHEC
CTqu...EYWN,CTquwDJD7Umx2yLA8WF1iGJKb345e6SfMWVgerDEEYWN
JArz...xpdH,JArzUH2wnth7CwNiXDhxA3spkBo9npimqeHPRvCrxpdH
79B1...i7YQ,79B1sUjqdjCbd1vnxys6AcwwHdr1t5Rnx9Zub6bki7YQ
H51E...a3DA,H51E9wBK154GAEFLGXFXrZ8my4jmyygmyAXp2Hs2a3DA
EcMX...ZfVk,EcMXEHFS6ThGEiqsaM42wwRi8sXPXM285R3JJbWHZfVk
82kH...AFt1,82kHKM3A6q9JxnbhrXfPXegXMQzu3uqTZciHrkBEAFt1
8mvy...zwMp,8mvywG4wZfNvTnCaxYniEHqHP1zPkDhNfcGnK78wzwMp
CFdA...egpB,CFdAgoidhJNs4dnvSgUZN9SFDhSj2HRcGCsxvuPiegpB
pFD9...E6xv,pFD9r2qT4EtjohWwwo8T14NAMb4E6JPogaXbbrTE6xv
Mike,A8i6J8B1DgVdQaoeyrCmc18473EzYocEtZGavHT4sXzw
9Tka...88XG,9TkaoStjqLtKF56LtcGjRADMaY6vKBA7EzjS4aqv88XG
Xelf🐂🀄️,9W69DaLY58ZmLDBuqxVPKRhEWBPD61QQgQ4qH8m6qAJD
EamN...gf8o,EamNPuPk3guFrCsEbFgXxf3GcgDfjxPpQHZopTc1gf8o
EZSb...Eu9B,EZSbDH3a6MEaPLz42dG7VUUH1VvAr8sKQSLUtZA3Eu9B
58kB...R25Q,58kB9gbmKHRb9L85rsTUHzS63yxkSL169Hd8q9ZyR25Q
BiRC...RCtD,BiRCYYYdPc9QVTz2XgK8246U6gZV2uXkk3xBvu2ERCtD
HkSr...ng7N,HkSridh2mNq9n2mJ3u3XSiKQwiwQz9eVBzzMeHm9ng7N
HGN2...4wpm,HGN2NZd2ZfcQs39xHZkUdab2Fbs64QPBoVujjUzv4wpm
VYYP...AtZh,VYYPKZkjUQRYjpLeYHTHBcBdaC1PtzCEunaCksYAtZh
HUdz...KDTs,HUdz1TegPAB9pnDRK88Q1YubiGkbxVM6QiZ5QdD3KDTs
King Solomon,DEdEW3SMPU2dCfXEcgj2YppmX9H3bnMDJaU4ctn2BQDQ
Terp,HkFt55P3PhRWHXoTFeuvkKEE4ab26xZ1bk6UmXV88Pwz
clukz,G6fUXjMKPJzCY1rveAE6Qm7wy5U3vZgKDJmN1VPAdiZC
Monki,53BnNc49Ajgstciq3CRoyxuBpkkW1r8pgPyvr7JGYnsh
EMZk...YWbN,EMZk7Yq2a6xJ4KpeZZNSPyNe3y2QemtjZDmoPAnJYWbN
uEHs...w8HH,uEHssPufbNsPXbdz1DfFeCMVAXH5hi5PMci1DwCw8HH
FmuL...edTF,FmuLCdYWhyZrU5FLkEwyUCm1Wyjq3b2G4nbgw7cYedTF
7Rhj...2KoU,7RhjimnQpwp34KYFrbG1VJdJJXxvFxEq7fPN8j652KoU
J3oh...iWZo,J3ohgvSFpxxR7oxYQuqZiZNWw1qDmU9AfT9dxfRFiWZo
GDnQ...tcu5,GDnQ4uPb1WhLFpRqo2FqoWWQZAr4EfQtC3GK7xFWtcu5
3si8...Nd9H,3si8GHz3o3doWFLYhDLEmYnUaKPAPUb4r3bYFLAvNd9H
4Kwb...zWad,4Kwbf8HhnsXLGtJaw7xkciNp1FPNTzqE5iVKZNyPzWad
7qJe...kLcG,7qJenDKSACxxckfHk2MxxSEDXEaGE1ahcQ5hEZwDkLcG
4KMr...kdpb,4KMrQVb8NLzPbXGR7EVAoXY7dC75yKpgRmY2LPu7kdpb
BYP6...Tw9w,BYP6zyAG7CBUgiGjhmwJiEqL8rePK1JzPrc3wfzzTw9w
EMob...f3v5,EMobjH5J5ePp23qD12W7j7phomfctp4rDokpigHGf3v5
915P...9WgR,915PBkp795qySw4gfTnwLbX2881YT1oA4XNZw56R9WgR
6wQF...1Q6Y,6wQF51z6xRCagVv8pUamVMwJnvduxtb7uZayvvhL1Q6Y
G7eC...Wdvr,G7eC8TMzazAfr4EE7zHDxazHTEN7XouTkaRDZsVVWdvr
Nilla,j38fhfqWsJyt8hzym48P8QMsXWx1FfLUxQwuor7Ti4o
Nyhrox,6S8GezkxYUfZy9JPtYnanbcZTMB87Wjt1qx3c6ELajKC
GaB1...gHcF,GaB1Z1TyShcNZ5zCfdkkGhyKPuAu7xqeXpmZtA2RgHcF
RoVC...xzo8,RoVCPJjKdRscrQd6hYMjN5x4ffcQoiPj4JYXqmTxzo8
3evf...vRQm,3evfXdQoU9krRwEHWQP9rgka9ujKatUjYDfvUASNvRQm
Bn75...xrgg,Bn75SEQZTs5nNnK972rfdSozdxvdJJuM2jnysnhHxrgg
Cdtw...9Ypp,Cdtw1c5e4RLejPvUw8dQhnycPtTer3SxZH16HUc99Ypp
D7o4...yxY8,D7o44hzAnKEFXjXgNMxTNvrgrsW9XEUKyTcdAz1EyxY8
Yami 𓃵,7Js5gmq57y9jG2sseKrAeJt3vbncSWSFFHDEsyJDnyVm
4UWS...gTZT,4UWSHWwqq6xopcHi2SNWJ2snfXXFWkre3eFNgmsJgTZT
Ducky,ADC1QV9raLnGGDbnWdnsxazeZ4Tsiho4vrWadYswA2ph
Toxic weast,DU323DieHUGPmYamp6A4Ai1V4YSYgRi35mGpzJGrjf7k
CZkp...SavK,CZkpAgXTbJUhginExzpbMnGPankahdN9LkZV9FxRSavK
Leens,LeenseyyUU3ccdBPCFCrrZ8oKU2B3T2uToGGZ7eVABY
HVD7...1bTK,HVD7eZSiQBpDZ5s6vvfhxs3mNCB94DcbLVLWyRfs1bTK
CUSC...vAQn,CUSCm73GSbsFUeqdusG5jSUVTMwKfzXhtixewHg8vAQn
9EgQ...1Z7J,9EgQawWophk7vZZWLfFWsYYuPzcjMeW47fjqgxkk1Z7J
9Jpz...TPGS,9JpzGQD594honw3VBzJUVWhDbseYsB6zYrC853rbTPGS
5972...86cE,59727PucBGcMLRiwEUsFW7PhPXiMFpy4dszuhXTQ86cE
7RDa...9inG,7RDaKXQkMKoZVx9Qve4KdtruGT98BpA8ww7oBbGp9inG
GSss...cj9M,GSssoDDbmebjECHjsekBakMwhCUzyN8bCQMQgGrLcj9M
BbG6...c61A,BbG6aLroNP79KxXAzHhX3W4KXh8H6GbrbPPfkMhfc61A
CPw2...AdNc,CPw2z2UyRhLCCTpNy7k4xz66GnHHP9aCzgAAUdufAdNc
5rMm...G9u4,5rMmikFdrruMybwPhWU1WXu269ti7d6CHHME5eqJG9u4
EHUx...Rq83,EHUx4SRspFK1pu4h5ir4EGh1qzGgeZeHxeuWmGoGRq83
Hpok...qBP8,HpokUHv2y8uoAqRdtjDMagsat8GBbAkiJDWFTN7yqBP8
DEnh...X1EC,DEnhJiVtpvZWZ24RnCSZzPDw3yeDPzAzyZgb6ypBX1EC
BdY1...pFnf,BdY1snjCtLDd7R4U13SPhtohkPZzSY7DU8zertUNpFnf
AkTg...omgK,AkTgtPKSchxgi1xZUd1VwYZ5m2tSSki7VjxV6FJaomgK
blkwe,Fz964ToUoHoyX3mBSMSxX8Y4kDT6beHk9ix4UaHrnSqg
CFoL...nFWP,CFoLYjQi3GPCYkkSnLhJznf7nJXGhCSYyDSUKYBcnFWP
BjhW...grG6,BjhWERijaQuPWy9eKF1rRc7DZLr89oSrU94eVK8egrG6
Gxvi...JW4d,GxviFHVcf7Qebb6LBJhq6WqRDTX9aCMAbyivGAKMJW4d
Ashtoshii,8MoW9mtbEz6z3gPuAdYb1yWhjCAxQSYqpcTb1CQgN5qb
GhGu...qMpJ,GhGup6PUk6A6XnSu45EjezoNzTChx1P27XMFyrP8qMpJ
Otta,As7HjL7dzzvbRbaD3WCun47robib2kmAKRXMvjHkSMB5
5x64...SjcJ,5x64hjd2LhVxHJqFwRov5Kuze7KSBYB3GJ1N7p6MSjcJ
7uKk...E5Jc,7uKkNQKqi8mz1yt9aMnbwzot8YkpcatmznkswF58E5Jc
7W7S...zyfw,7W7SiyHMoxTMno6LLAy2KTy42qTL3Cbbwn2MNExYzyfw
Bo5p...XGE9,Bo5pf6WyWXgdsB5iawvi1Qy4jYn2AgBCxASm27QRXGE9
Hpup...mEMP,HpupiMxoYZJuer4Q1iNMPn818Gb8gZCAFKPUPkASmEMP
HuEo...oLX2,HuEoU5nofhhhTNrgUkyMrbRd5x5XXoVedVb8iM58oLX2
8LMK...NNq6,8LMK9LbtoMAFvdWX7SqyBBv3Ss6fgvkapeHjygMdNNq6
83Lv...uiV4,83LvtERs7Mm4UMiMP4em9MTgLDG5UQGB3PJWQQBsuiV4
ExX4...zev4,ExX48kGUpiqUckbQmYrKzGqXZUuGTXYFnaHr7Mdgzev4
GGKQ...78mh,GGKQJtRmibQnWfY52TqhEB4W1zkGYgieBL6ttrcr78mh
Woozy,9tRff7L6Mx3ZDNBoGPffdjD3c9JNzLc3nxzadYH4TnAp
9WjD...5YtS,9WjDE3BSEv9NAAfR6toNedNphQsfuEmfqiVCpzmD5YtS
3rLw...x5JD,3rLwxD2jSroVk8kwZgz8mzvtecS1J4tLNf47yFBVx5JD
3oHP...yhp3,3oHPLe6zxANQ4uF2bWn2mpsh4RHj3uqDrRocRv41yhp3
6y4U...78e7,6y4UFFmcCzCWUR5gfDaJL5LBNru3sigqBwBQjG5M78e7
AD5T...AAET,AD5T1VGtHKBa8TrFYmvEiY1A6kzo1HmwmWnBkVcmAAET
H7ZT...5Yz3,H7ZTnjf5Ta4mLZ9aNpuxNSFoe8u29ph3xa6oGHUn5Yz3
6bTv...Qjfj,6bTvfPiV4hx42jXV5UqK71vym7egJKQ9BfK2WVKPQjfj
FM6z...WELA,FM6zc7At6oBPPMqKvmjsqMGnJ4Mg4PULogFV8hnYWELA
GK2c...MsV6,GK2cmazHJGaGDFaRQJeXxYpPGqsz5ENJFgH3AXRJMsV6
2DQ1...tsGR,2DQ18gy2dEZoZMkGDUtfWM8yRyfcNUBEYHmdKo2NtsGR
Sheep,78N177fzNJpp8pG49xDv1efYcTMSzo9tPTKEA9mAVkh2
8jod...P56p,8jod9frdHZ4yP9HqQ1gqr56e7Peh8dV5Yf2kA29gP56p
CxZp...RDm1,CxZpvZocTErx7iSyrW7DoV6JGY4PvqfBof3BtGR4RDm1
H89L...DoWM,H89LHekPx12hyHhod3quPVmcHibL7uMw2WAbLZvsDoWM
7aAg...6th6,7aAgyvVdA1f6Xv5TWL7V1EYM6BQBLKUazsj6Rfoz6th6
Fuzz,FUZZUhT5qKncddMxLnkeiN7Dh1CmSpWPScp55iexZ85t
Fp1G...qL1z,Fp1G2Vp5v4LsVVtHRpM3Pwr4D5P71U2beCQ5wWrTqL1z
2zZn...GEq9,2zZnYG7wmzD77bFfvoHUuHKg8BYpNsxuYwnci8icGEq9
FcwL...UiuH,FcwLtJUdj8mkAFm3u6WGaKnWvrQ8UAibxsE6vxRvUiuH
3Twj...XaR6,3Twj4fGo23fVBWuH9br5p2cizcceVcfzZyzGy6UuXaR6
J1Qd...23jW,J1Qd72QEnRPWGb8gCzEkuj5mCsqc1v8HEeNbNHcw23jW
8HDm...HpBa,8HDmQBG3BbmittrQa6HpnCVw4krnY7Q9PMoNfGhwHpBa
5pyh...XZE8,5pyhofXtVwPPgLUE8rnS4mpwWi5FzXXR5HEEg9x8XZE8
6hdQ...4FUQ,6hdQ7Lkx57NtqDMdnMAe94sfbX3uGLzsBgytjUnF4FUQ
3ZNB...sHug,3ZNBVchmaUVKjayC12hgsfdg8RH5tbtk1rjaPBXtsHug
38Ke...TBkf,38KeuhZWMUJtw9ewGGadY7DDKimjaF8CuWe9xp1pTBkf
Shrekt,DePxtKV64QagrqRECzPwNUUexSG26whjmxS8bXMG86YV
D2Ww...4auX,D2WwzYRrubTKTP1VKYJUfsEGWXm5XtyoTC3cWyW94auX
zCqR...DjyA,zCqRCir6rke4EfxpDSpgoaiKWaCU8w87BXQ9p6ZDjyA
2yUP...SacW,2yUPHFuPqnvpZFauvh6MsTeayuZN3kQZARB6w9qeSacW
Mitch,4Be9CvxqHW6BYiRAxW9Q3xu1ycTMWaL5z8NX4HR3ha7t
AYjM...N4dK,AYjM9nzcQTRk8RQdubzUNj7UaAgDRJPbnKr9KV94N4dK
jester,4s2WzRLa35FB58bZY1i4CN3WoywJeuYrGYHnTKFsT23z
M9HR...Ru6C,M9HRrcHzfvqFk1qToPFi7rJHT8wzyjggfzFBqS6Ru6C
fomo 🧠,9FEHWFjgbYnFCRRHkesJNq6znHjc5Aaq7TiKi1rCVSnH
4w7f...5f2Y,4w7fjN7Zg3kwKog7cV8YZ6j5vSxuPFJCgUMhLieR5f2Y
4iab...qJFq,4iabjxewe9a3kGYeB8n9v1jDktZmrTMJQjWdwU33qJFq
Chairman ²,Be24Gbf5KisDk1LcWWZsBn8dvB816By7YzYF5zWZnRR6
Cyfg...Cxxw,CyfgSLC1BZe7cv6NogaTgsjVc6348DjaBULao1KGCxxw
5DXh...Koh5,5DXhhMitsXpZH3QLwq5oxLCq3Xq9cB11NMdhW43AKoh5
D2HC...iyMb,D2HCadGZtxuib965fSgd2dvHRzar5Kmnz9xGS1RWiyMb
E4NA...JUzz,E4NA6q1xi68Dq6xJSdcTWqgcURrXGodencF8Y8uKJUzz
jamessmith,EQaxqKT3N981QBmdSUGNzAGK5S26zUwAdRHhBCgn87zD
9h2w...uSA6,9h2wtAXN6y5chSAeCKt2BYw5bJWCvSJoeaTB1ZvUuSA6
D561...XJdZ,D561uVZ9MjRU7quJa8U6DyDmCULgRXPMcxe9FTagXJdZ
9ovF...po8q,9ovFwcTb6vGf3Ei9pbG6Kwd74msFdCs5QzXWr3uYpo8q
CXbz...Z9pS,CXbzVGnLo5n23q1YtNYwbTYSZB4zSS2xwv5NHfFWZ9pS
4ZyE...386T,4ZyEHme9v9SkgVu55e5QjQSZdmQyKDsoK2PJELy7386T
Evbi...58k4,EvbioaBY6JE22D8BfzBhBDHx3gxHSrj7bD9mwJPL58k4
8ZRe...XpLQ,8ZReXV9U7ogXyWiEm25cP6yMePJHxhdveRRtYGCoXpLQ
HR7g...ibWC,HR7gBeL5mL476ND73YkcUe6GhbhnLn2LJPszWSpiibWC
3n1q...4tcu,3n1qEtYEQrrsjUvLsQsjwujBTDMPbgGxuYmcSt4X4tcu
Qavec,gangJEP5geDHjPVRhDS5dTF5e6GtRvtNogMEEVs91RV
74Bt...tSz5,74BttcrDoYoDhvCTjddSBmPD6fmWJnk5q4gVCnGjtSz5
28fE...uhV8,28fExLYUjPuFVmE6WkyWdYko93b79z1aDWaZaCRguhV8
7q2F...F5me,7q2FeQCgUzbs2328HBJauAWoHhGJzAHpEL3wWUNqF5me
9Ha2...c21d,9Ha2dtqRkNxuUX2CJg4cScxE6MSsmgXY2CzLaRD2c21d
Exf2...5xv5,Exf2MUxoUZWeK6dwVweeUuvDsJkAmaFm7u2q7CkX5xv5
8wrc...WULv,8wrchALxbyMvK9op4SrwWwtiX1MgbqhdVQjJcxrqWULv
27hM...VgAJ,27hMJEQBD8MFGVGdi6UTa9x1bQMVRCiQQqtSMFGRVgAJ
AgbB...VyWZ,AgbBUm85tvEU5hZgpTW8ExjwSmsTBV4kNg3nCzUFVyWZ
8reZ...h8Ad,8reZqqE42DpTSRtQ1ddu9Yy3mRXQFFFWsb4KcW8Hh8Ad
HRZz...XhtT,HRZzfqPha4JpDM2GRp3kPGnX5dUUXxgk9D6UsG9SXhtT
Cweb...VBMG,CwebMdQiCycXqchdPdkrGEoRKprFmAPutjpmhMtGVBMG
FqwG...LFcn,FqwG9iRzNMkcfaCPuBSLXXJdtC48pQ4LURQzXWpyLFcn
ACxf...pCbg,ACxf7PG2Z22PdLQUqNUjJaLCc82XBWgzRSLfEfHXpCbg
6pYk...vLcc,6pYk3AK4HWiNFp4BzacZJm4ayy94Aeeq2EMGAGYyvLcc
BM2X...iiSE,BM2XBqDN5XEgbmrdzzMMUuWSEymKnjNCr14aCzYniiSE
B8XQ...fJre,B8XQNbdPfkwY3cGe4xM9dv5GkioRpAQjWSFshDC8fJre
dash,4ESzFZUWUdr2GsgHBVeQKuzAmBWS5sRSaXw6PZH2EAau
FUzh...5PpS,FUzhDYt6XW7WnRgToA1g31tkcus4c4iZbGZdHVCp5PpS
4tKP...YPpe,4tKPTeFYu1huTQUSWFQw8dh1Sytwc9ER7bKm46UeYPpe
Aie2...AH2X,Aie27NfyXDaKenh4GLdRHXqsBabNXGehouN9XDsAAH2X
95X4...MoSa,95X4oajw4FyN4B1MqfXXvhk9jfnKjGfvmAtoj4yNMoSa
9cvX...Lav9,9cvX7hZo5zjR5zqTjg83sydk9fKCaGQEYfVWYDnhLav9
Orange,2X4H5Y9C4Fy6Pf3wpq8Q4gMvLcWvfrrwDv2bdR8AAwQv
8kRw...qHas,8kRwBmrp3wMc4V3wa1K3X65mtMJdyrAitv5mn7W3qHas
Djxg...38eT,DjxgG4WgZK4uD6wmaxgHjbYH43Jg9ZC9AZuALxo938eT
green,GRcAsAnvZc6cX2Jx2yYFzWV62yqCoU74eV4Nfq36vqxQ
F4Ze...sf85,F4Ze7tH2VW6MTwjKNs3DnsEr75g6gSvBbnJxrYgssf85
5jNd...zJDg,5jNdrmk438CgDZKx9mAtxP1e3mcRgp4zx5H5wUvxzJDg
2zNu...oNGL,2zNuXpPNXZf8wSeL5LNZ3hbDbUUvPQ2Fm4gt2FKyoNGL
HbNQ...T4J9,HbNQmAT26Lc3dizzQgRB9y8Q16A522eWFpiG1YTPT4J9
prUW...9bmv,prUWZMpQAbRzmqnRqcoSh8jqcJ1M1g64uxsR7mq9bmv
BkPB...hWAM,BkPBRWtFFwtMnSehtgy18SqXzA1N1bWyBGV8AAbDhWAM
4yiE...qfgq,4yiEDvjQSMFHBdDTEdPeN8wyk3vHQxZhyTvC6Cpiqfgq
EPdn...WeDf,EPdnLjD9FodF2rDDkEXBFwp4e4bmQVMavF9F2STRWeDf
Trench Guerilla,9St6ETbe3CFitw6UNSd8kg7kZ6STXy71wEGiERqQj89U
EEaN...GPfD,EEaNDgVdntVn7p2GNCh5bfngreM9Bj6jeELeb4QdGPfD
C4qB...jmqV,C4qB3JnkH6adc5BtgYh8v6q1Ve6bZSaekJ2AFXeBjmqV
TB4W...XR4B,TB4WLAXHz2hAi3gTmGCtCWaa6A37MjoTdr5wGWGXR4B
WASJ...Zie7,WASJf6MUEVqSJVn7Aubycr5n6cWXznv9mZj9LRQZie7
Earl,F2SuErm4MviWJ2HzKXk2nuzBC6xe883CFWUDCPz6cyWm
9qMF...mgqG,9qMFTkCnLXwQcmzSBdDwr2bKoS8gYRziDBQwTY1bmgqG
7Zwe...5brr,7ZweKLjrZSaZz42tSuZjAnkT8Le6hHHZ3e4yfvL15brr
5i5c...xAzF,5i5cLhbXiFkFvbN9Nbcuk2G6EzJfa4BTSu7TSfWFxAzF
7VWU...kbow,7VWUBYWg5uJ3YDRSVC7WPpaRLxhMVkVXkwkTpxmVkbow
5kGS...tbyS,5kGSeV7shNa8biZB8FYDq9vEeqX1VezppzREfg3ftbyS
FRxb...o223,FRxbNZbYaEqpmDcPCvRXELJbppXW6NPGWXdAxu87o223
BJcW...nAia,BJcWwXkX3n14FkBFzmiLZ3TCEFd9L83FUiDjuwDynAia
H3gf...pbrN,H3gfrXqyh25gpWtJzmTSaMeZYbHDPLVNggDYxDtqpbrN
Iced,DrJ6SnDXkEsPeGdmSs93v5rwWumv5QMvAGSZjAyWSd5o
8ZmH...tb9c,8ZmHE3pcqfP8PtJS55d2EX1idEAc4XCDqsjt8kwntb9c
7Qjx...PxEi,7QjxbqFj7FdsttBstTZKdKJ1AtT4YGfwarTvLuJaPxEi
k4ye,5fHJszey2UdB2nETS1y6NS2wSG4ic9byKtbgJzaYzGeV
2uLE...NxcK,2uLE4WMR8mVuptPAmYbPVrnVVt1bdDvx7dERHw8jNxcK
Solana degen,9tY7u1HgEt2RDcxym3RJ9sfvT3aZStiiUwXd44X9RUr8
BM2y...cdd1,BM2yxCxNL2WVQe99BMYDi3aZUbhoiho1AgLGuwB8cdd1
3jo4...oAQe,3jo4UQ999NYwiGrU6V2YLEmUtYhSXRzdXYUhKLE3oAQe
kyz,72YiE4crBv2UhxRgRYKs4GaTGT2avbacfL4HNCfQLqsm
2ab8...fNGQ,2ab8g6CAQqXsqhaSejqQiBukGtrzqRsaYbcWRxt7fNGQ
7oPN...tHPC,7oPNnpnwk2YvZ9BqdEfAxdj1fp9gXbxpYQDttCjHtHPC
9Z5K...nMR5,9Z5K6sE5RhUUQrTiRVYv8i3GU5paqQCFm8wtXZsFnMR5
Zef,EjtQrPTbcMevStBkpnjsH23NfUCMhGHusTYsHuGVQZp2
3ZWt...kLX9,3ZWtQt4RrwHDbzv43rVizr2NMbMEKqyPNc6M6c3pkLX9
FUvh...rESt,FUvhd2hWNPAo44rNStbowgZzeixDkVKxvM5pPeurESt
DEjD...ZNxa,DEjD5cuJwKMEo4TaqP7vigMPyWPAScmBiCUxisyoZNxa
yode,J1XAE4onKYG1kTghgaytnyFgR3otQs1xEnJRRWM3djSQ
zAMU...gfqc,zAMUKZU8ecJNVBAS2LAuytBPm7wcLbNyuxYJ33Vgfqc
98iW...9Pco,98iWSmJqa6LyTxu1vZWBDiUEJNvsxFdy3NKHh8hT9Pco
x5Np...Drrm,x5Np2HPc2AsNSX8uvMux4CZk3nH48uLtQ3KrCSADrrm
9g58...bmdS,9g58EZXEb21GWjZPRLUAArzf32GrvDXyhCF2PnAFbmdS
CzsL...Cm3x,CzsLucuCuJzLqSsCMo6x2xQx98ukyBJDxLFGuqBYCm3x
EvGb...E6f6,EvGbWLT7PepdcennpBNtfjwgaJKPYNLs4ciQ2yHnE6f6
4jNg...hoZ7,4jNgAii6mDKq1myjdMuBsa26idqucHygVHSoqPX5hoZ7
9taX...AB8y,9taXpB91BHd97aPAWhuGo31GLTfgXRjg17BUceRUAB8y
8Kcf...C3a9,8KcfakfnKhia5gAXaff8QfxPiqajxSSddMHkxgxmC3a9
9xoq...4Sqx,9xoqj23oF81BGN77R7s83igEBJe5GcctDxUpdr6L4Sqx
BpGA...bb4m,BpGASC3Q2T2tGifruDkWDXM9a2ygVYptKaLpvnsvbb4m
6wfn...HbNs,6wfnESWq9dKet4tMHFUCxmtTfcm6xwj4P6gVhNDtHbNs
C63s...qrJx,C63suMRAf3C8uQq7BPwks5fsqw6oGkCsYWdZeqhkqrJx
14kz...L1ZY,14kzbSXq5m5LQKpW81HNZi8sn727rRRdMZgy1PTNL1ZY
Dkdb...Tagd,DkdbG1oCUt44XfqvYbXY2ZWmBQTHEj6rT1cRi1J5Tagd
Zemrics,EP5mvfhGv6x1XR33Fd8eioiYjtRXAawafPmkz9xBpDvG
DVwW...n6wJ,DVwWpFDrJQ8kRBnjzLtaEFVJTV4oPpdrXnFfwgkgn6wJ
CWd4...bpAF,CWd49pvLYFFNDonKcFpSEoUcC86VwArDLVPkftJ3bpAF
AKW6...sfiV,AKW6RUWVH4b7wTdJMrRYTyWPnQHWeHx8Eh32nafTsfiV
7zKf...Pe5j,7zKfwu4vK2sR28h77LXjMFui6RqESo8ymHaoPdjZPe5j
Heyitsyolo,Av3xWHJ5EsoLZag6pr7LKbrGgLRTaykXomDD5kBhL9YQ
2YDy...2hVB,2YDygFFBvY2eZFHQbQipBtK26JwVSBHtGs6KwemT2hVB
66R7...qCsX,66R7nRb6xa57SE7xZEB7L3vcPJDXdBnqRcd2xEdwqCsX
EB67...TM8F,EB67ZMjnkpGeRGcUrfUSjQ2QE9UBdoemmu3J99dkTM8F
DHe1...BFu8,DHe17zaWjGFMsY7tfv5V2wHr9QMUfHioHV9YdPdTBFu8
BnDW...KXHG,BnDW89msKN7YQuVtE68HjdG62F56uXQyWpzbiTkBKXHG
6ik5...ofeh,6ik56WKy8K3b84UiyGJ7Cwgwys4RcgMHRtubsGFYofeh
2681...5hX5,26818rjnnkVRWtK6yyLA8i8x1DjK9ZLcUgoKLdtk5hX5
G9T3...AGUS,G9T3tQfYagbNLMv1rHEW7APv2sD1wRAsnJfgwknRAGUS
8HKa...scZf,8HKamUsbTkGMjJdW7h2mHmzdDsa9d2hTfywgifFscZf
alex,H1TLERBQyQzSd5gbvbWwP97GjeL9txzWoN5BK4UG7xYm
5Tsj...Cs6E,5Tsjtd8vNx7ByJUUQ2WXngHUmAXnfFiRjDoiBjiUCs6E
Coler,99xnE2zEFi8YhmKDaikc1EvH6ELTQJppnqUwMzmpLXrs
4z9h...8bog,4z9hUBjJ7UrWVj6dneFWQMkUPwmjJGcCKeFc7ng58bog
Ecos...H4jb,EcostTocW7uFYoxGkH4u7FdDeDGidofv3Vfjxrg9H4jb
2Ud6...gUFJ,2Ud6EHJobWRBDRFJnZ5NvXoE2PqabzbJGdZYRKY2gUFJ
FWag...nxP7,FWagLhafs3TXUbBLV9hPh3nZELhToqgoAR8JusHKnxP7
Aonj...rHAW,AonjtBqMpaDnfNsB2DZNtFMf81eCmxvwcEe2HKwdrHAW
Frost,4nwfXw7n98jEQn93VWY7Cuf1jnn1scHXuXCPGVYS9k6T
BM57...fWzq,BM57d7cw9CwA6qBrWAC36b1XrgDcY8rT5QdbbxPNfWzq
Ochouso 🦈,ECa6q9uC9LaYYBekJ7ApD2EoKy3VKy7WZv863cg5pqM8
shah,7xwDKXNG9dxMsBSCmiAThp7PyDaUXbm23irLr7iPeh7w
BWN3...9HCU,BWN3yg3U2r1CFzsntm2B8mxp7NHD5LBhkJxJV9so9HCU
3g23...JU3D,3g23ZrrRiVzmphKMJb4jtd2zptqz2MdNFpcVt2kjJU3D
F3jx...ghuJ,F3jxQPQ8MSt2zHHKmyBgFBspg4GvvHQ9pTKNUWeBghuJ
8qJ5...it1n,8qJ54rQdqxZP4L8UVx4BAG6L9JbWEqMTBSFiYfWDit1n
Johnson,J9TYAsWWidbrcZybmLSfrLzryANf4CgJBLdvwdGuC8MB
C2ry...xaY2,C2rycXivdoESGgyXx7qNycKMpTPF8MJh2MVae4BDxaY2
5fkg...zPcY,5fkgx2QqvivdznAZ9ARoV2rVwWjtkTbDuEPxCzrvzPcY
scriwy (︎),Bi8gjp6g7hYmLJ2gsHbtdMwHyin4js1efTzDdJSQ6m4T
GMXS...ZkGM,GMXSwmpq4jbfH2ZFfuKoufdx7o1jmYmiuxcHMKz2ZkGM
Dusty,B799XD2RtgkxYRvv5Q9CFnSpVifrsJErWz6MpvBdYFdR
Sunny,VVV4C8wbLVU5Yw2JmdF7SPmoG2ubmJmmcjzHAJcdHgH
7E92...4zvR,7E929ZpF9zH8Gi5GnARVWcc5hdpn4MjYM7jgbnpS4zvR
9z9a...74ER,9z9adRCt1NipAFCrJCaExSDbngu1GVgxoRCs6Nfa74ER
2pdR...mxfk,2pdRJvuvB9dhq2zMZCiHNUWWT4kXdhrBFHQKSRcMmxfk
HjaP...xAhs,HjaPyfkKr5FETnzGofs5oW9vfFvLQUk5TPBWaMVGxAhs
ApcL...T7fZ,ApcLmBwDe23bqsjkmpawZSkoJwE2rLG3dNBKgydRT7fZ
37kh...xFDV,37khPQsnRyACqJQhJnJBjfZ6JcK1xKeYtZ2oNxN8xFDV
614p...nnJ1,614paZiC7DSSA8khdov7LDMT6SccGQuTiehSwUhHnnJ1
4ZUG...eCMo,4ZUGk44PVucaaK4bY4fD5oPAJe3ce1V4a9Zb4CfNeCMo
Rasta,RaSSH7hMwLKtMT96xZyY4JwHRCCNYvvNeBh6AaFMqdA
D5pQ...Tpe6,D5pQPHXukrhdWmuAcmuEyqijPnS4MWGsyTf14YreTpe6
2izo...SsFm,2izohMjgysTRGeY2CE2CdfsqqCYERtuiUgx9vGp4SsFm
2GjD...ZFHQ,2GjDZnf4s1PKL1438YPdnyLfmKu5znngbkZDPA1wZFHQ
5dS6...Th4E,5dS6YX93uajbiGyqhH4crBWSVPHJQf7av4jrgcBpTh4E
5r6Q...Xcvb,5r6QpFK7B16kxNR261xD8fVcbb7ip12kDZHEKePBXcvb
2yqD...V5W3,2yqDqpGDRvY3EFNttdDKWYqYwqWmA8Bwf4Dgb4GvV5W3
9zb6...1XhL,9zb6AkLuzg4m8czDBN3GVhromSvazuMDGxeTDezq1XhL
9vH2...HGA2,9vH2SFQZNFTFWgoQYbT1ecVPGhDK8mFiCGdqq74DHGA2
3qG7...Gdxs,3qG7iyoaZHFzXxq9TeT7Quzc89NDP4yeT2NFDuWFGdxs
5HA9...6xXZ,5HA9npiHHYJcANcskQhZTh8jZRLstHVNEbkPiNKm6xXZ
13QS...DZZG,13QSQqPiPx3PaghWdFbNTs6ZLVN8qmv4r7QANqq6DZZG
APkG...fjYY,APkGv3PxJWbTNc7x5mPGUhNdnq95HH4p2qzxBMj3fjYY
26Bf...RLMu,26BfTFTfmDFiE3tCSwrW83huAczwCgTi1MGTgzpYRLMu
2PPp...KeiP,2PPpVYxmF3xtmLcJFXUV2L5oEuumx4yWEhkvhrQ7KeiP
GQRm...bxfH,GQRmGyuEYvpt6SKTCW4Juv1YYLRZFT9ZWhEMb2szbxfH
2Hqu...pUav,2HqutRUsrze51ivuMMwogiSmbmPAz2twHDRNrMWRpUav
3ue3...FTV4,3ue3xVbxBfeM8XiD2a5jcH5uM3JrPDfPG3S6y9TeFTV4
Nvnf...dXbR,Nvnfvubb5n75aAbQd4JS5k5h4RZBisseXtAafoedXbR
Fekj...pZtK,FekjRYi6twan8HVSV8CaWp466Y7kzv7ffMnykSWGpZtK
CDm8...LGm4,CDm8s3QKo84FapMJ3iW7aYVVNKVoWvpruY4Gen7WLGm4
Felix,3uz65G8e463MA5FxcSu1rTUyWRtrRLRZYskKtEHHj7qn
646K...N9mi,646K3xfYXdG9KyAiBowhYbKJymntKvise5u8nyFLN9mi
RkbJ...mChv,RkbJ2u3wPqHzyyHBMcWLg8Kk2D5Wro2W4j2pcKPmChv
8mKU...NR55,8mKU1sLTWt5A7thF7sNhZ7Kbffs5XPLFyqrG74XTNR55
FLaF...1kgZ,FLaFnT1gCdh8XRJBQsJ6x6fg7e4mLSFTg66wK5W51kgZ
CHqQ...7LLD,CHqQbEk72TGGLcwgwKhpjoEb3fLdTTModGuYuEXu7LLD
8Y64...KqTU,8Y64thWXC3VUdQqZ5ceZ1r7zHAmcXyXnqRJzQ4SKqTU
B7HY...4beq,B7HYgxzrrLWMRs8V2xPUAKJeqgnb8TYSYWyqvrEy4beq
Krj9...6yHs,Krj9LY6Gz1zyUAWGM1YpH9VRkhZyJZH6WP66N8L6yHs
86mK...wH2b,86mKu7qe3eRiSfAfxzPxzT9NTXNEZ1hrq1PtUcBdwH2b
4j8W...zJwF,4j8W9EFLM56FPeG14LaYTASKiX2rwMderb4UfxZozJwF
shaka,4S8YBCt6hhi7Nr1NnKF6jF856LLN8JJFzD1a8nF5UuHA
82jt...dtSP,82jt4jScGsveKfd1hcYLPpXRcWmtgsNLtizCCWLEdtSP
6nxC...VPER,6nxC6mXNb4HcELjELWEvoEgcZry37vuJafdffQ24VPER
Hchg...ddUr,Hchg68bCWdxmpUEqz76gCYfvn5399zRqT6UvpcbwddUr
Gsez...bhyj,Gsezch32qib7nNFBk73UstvjUdQVW7mAVQyGkEfybhyj
49tX...8vPQ,49tX7tYNgGoFrzPyXXqaDngrm1epsrWgm1V7uKDC8vPQ
CAfH...7qJ1,CAfHireML7qJ7EocQPDnW6i5VdWH6HRFtv6rsHJ27qJ1
C2ti...MA98,C2tikVchZFcVW1pUr292zu73yiay5wWNoH5NxaHnMA98
2mpg...SEnz,2mpghwFrxtYGT6p8U6q8JbiUxusrECNvwkhDhaGrSEnz
253v...V3No,253vro29ku4RvaRom3svwuj3D1UwYANvwzR2VaFxV3No
A5Xx...WNwY,A5XxLyMvty5zzXshfJaEK29RCSmqWSLbBczLXNefWNwY
BDnf...MBzx,BDnfZcCa9VFwPSB296iShp8LiVB8SDtk2t8ggHocMBzx
BRGW...8KZZ,BRGWj1KPtY3Kr9SQL1yqj1JGseXBuu2f6wDfnGQ38KZZ
PattyIce,6nhskL8RVpXzWXC7mcC1UXpe3ze2p6P6og1jXVGUW88s
6Hty...P7oK,6HtyaXwjjsvBZNndE5MBrfp64B1ntx5PcWiwq7s6P7oK
CUts...5iwj,CUtsTCmhMvorVbHXKevdLPhSjoQJgnhyjBeHkY6W5iwj
7R5A...sRrj,7R5AtvhUba3wyQU17uBSGuhayPETjgv71LstJGiAsRrj
2WMJ...15ei,2WMJStVghjjdUVqoT2KhiQbV7jRBqTe8yBVaqGoc15ei
8tXN...kTgK,8tXNX3JrK4gdtX8iu22Jt84EPCRNPSBrE4wfkwokkTgK
9aPS...eHva,9aPSHK9zCCEUphe1VkFYu4fuU5g1k1WcuVeDoddAeHva
6hjQ...QzW7,6hjQmJ9hijAhShuhovbCjD1SejJ34e2CjyZG9vzuQzW7
27RZ...9YZm,27RZDJLwPQZE55EM5DyDi8D4ctLwxNBpMuwXSbYk9YZm
5sFq...fEiY,5sFqEJTPbZddPJeL2yRW9YBYemgMfHijoe2mfn7FfEiY
DMfb...AjvW,DMfbNvtmRp991WTckgiG584phuUevCHkCkkQkXVbAjvW
6vKT...Z3CX,6vKTwZctJkWwNYLBxpWTP1QxjXQ6GE2vdxJKhPQ5Z3CX
Dnzw...X6iH,Dnzw5qCFcEbyY84x1s1Ky7CM4qWyRzCSC41EqDmtX6iH
Fu1v...Wuei,Fu1v8zRu79EEpcSTGT6sRbSE4N9cpG4sU4WCuqzKWuei
FuKK...meaQ,FuKKp7vA6HydCwgbTcQUurdzCp4sFN8L5JjnxQtZmeaQ
HVjG...WYJU,HVjGj3KqfnYWxnrtLKRF2Df6onCWH4Vg8u7v9LehWYJU
5JGj...Qhnz,5JGjbdkV1Gq5sn8rPiuZvn2CMWS1RYruUnC672GKQhnz
HFE8...1D72,HFE85Myi3CSb1WqB6zKBocwVDKhNXafKWKVQzWB61D72
45ky...MDqy,45kyTJLQN1bL2Ui8s38dmrzcrjp13SVU1N7Dha2qMDqy
EvAs...TbVa,EvAsuLU21kRfdP2BLPDp2CQzEGC37Mjvvne5esNcTbVa
5iMM...UWo4,5iMMzU2RqGTsBNdKtZmSUA9YqPzT34dqXzjncuJLUWo4
3Kyr...FwMN,3Kyr6M8pZRGh8nAm9WTZAp34r8KzqtRmP721B2meFwMN
FG8L...Q75j,FG8LEP14GKw6ADNcqNHhVLNLuyMiJJFjzLrbiUEVQ75j
5BgR...RmQz,5BgRM7u799q7DvRuXetdGK5t81gmkbVkk5QrenD5RmQz
Ga63...foeW,Ga638rspyaUWdKb7tMCv5YVYo7ZbUivkK5R7KkhmfoeW
6eLe...wjG7,6eLe63Jp9rNyubip6qiqE1pYEq5Sja7JmtnbWPobwjG7
Fdz5...CLDT,Fdz5yteYcVzF5fidNcwMZuHi4Qf5EMiXeELZ7X6NCLDT
GMQs...VpEX,GMQshRh1t2bd9kFGsVcJcteLTMdDcxQubZzTm8RXVpEX
5TcP...WogU,5TcPUmGFstNbZA41rvffQV8BjNzXadjWQTsZhbUgWogU
5frW...nfYA,5frWtwkhPAKyReo9PHga3KgtgNd9ZT1qXg1eWx53nfYA
BQUj...EC7r,BQUjVJ5m3vduRQ49Rx9rZ8g6KY6M9VZC6Df8UPu3EC7r
3mF8...zbdm,3mF8Yqc7VsAwMvVJ8gU1oFNPzrs82R9ajkLYJ5V2zbdm
Coasty,CATk62cYqDFXTh3rsRbS1ibCyzBeovc2KXpXEaxEg3nB
Zrool 尔,99i9uVA7Q56bY22ajKKUfTZTgTeP5yCtVGsrG9J4pDYQ
DzrN...MohL,DzrNKmipGCeEKyVn6aVRwYN3YMabYJqoVi8VLN7MMohL
7TfN...iW7g,7TfNnvo73zF7sA6Vx1DQmuoykUqDDH8M9fxKYAg5iW7g
Ht44...wLrK,Ht44A5zUAx7k8FfsVaf2mBwo8vW25zak4n3KxVZewLrK
AUk3...MRuq,AUk3j3AumbJjrE2dzRnWgVePmEk3R4CCgwHZT53pMRuq
4yMP...Ncy8,4yMPSziJcnKaTdZJ78R6hCyLyuKCLkfTnqS1NfU7Ncy8
BTPN...5z55,BTPNuzowYHMxr1pcLQgnDPNXowdAreGDPNZyKkvA5z55
6n6b...2LiP,6n6bs5RCcuY25LyCMs64jow4NBdguKHCJsjaBeaY2LiP
6P68...Tioy,6P68VSRzM2ifiHJq3joMdk3XakHrptaJkBPqfuY5Tioy
53pn...fHY1,53pnAL8v9P3F87ib6cohpro6pD715CxLThsWeNY9fHY1
CD68...mG4j,CD68z8q8mTAL4Em3BVocV1DaNLj9JwymdPcoXLxVmG4j
HLKv...vJtT,HLKvqEeLKWqPYNx4xg1jy1t3UtaehLZ2Zy4UuNDfvJtT
8Dsp...9yUe,8DspVEVdtDSGhMxiLctn4x7ATTBd6CX1d6wu5Gpi9yUe
t6do...tBKM,t6dowZimJuhbrpDVr2JtnAdEf9qkkv6MFWUu9cVtBKM
BT9E...yXYf,BT9Ex3zVDJ5HEoSpw8TiN277woAw8oCeUzVDqbPhyXYf
MACXBT,ETU3GyrUsv6UztQJxHgsBX2UoJFmq79WJe3JyDpAqGMz
565k...RejB,565kKZmA9qGSgAVZAj1xGrHT6BkkmAVtery6ouAzRejB
CFLM...LBJ5,CFLMs26kR49n7Gf7Qr62zdvA4iLZqZ2TvY1hvzVrLBJ5
29n7...ihdX,29n75iNJSw8QEp3ZCJNPCuHEQtXNpPkDxsC2gizyihdX
26mw...t8gt,26mw9tejYb1q9T1FqiyoYNUbGJuBMUbSbCeWq36st8gt
8q7o...9n7V,8q7oBN4rgSw5hWn5BoQrzQNs1NLTeEStpnKviSg89n7V
AEEX...eZ8y,AEEXpyEXvRXXjCZyo8L7o3j7wvTMC1bSq97sH5gNeZ8y
Fh2Z...ja1A,Fh2ZhonVoU8yxYMR6USwfvAPxov7hHoH6QamwHaYja1A
DPGx...bF3b,DPGxo5jUayJdCLURZPEVZTnhSYiTr6ZaSUWMK8DbbF3b
6WXp...xfhC,6WXpeQaFe3JJeT8xfAz16zf1mPPkc92YazysW58cxfhC
9cG1...1pUs,9cG1QaYaouuG9DXz6zy6sDd17oV57EZgs5wV7DHG1pUs
6LpM...tThV,6LpMvHuoqzFN3XiMSXPtpmxQTSbVySQdZa6Ym3NRtThV
7aeB...bccJ,7aeB4QeMJAVNriARdwYDaYsVJKDdXz5kPNCEgvVmbccJ
3ebw...4x3K,3ebwza9za3fWWAvN9rJvmV6tJ65Y5LUP35Liyv4V4x3K
FD8Z...YSTj,FD8ZidQ88MJEn7EC71ZvSwMjU5jrU9yEkE8xRQhoYSTj
FbqZ...cVUD,FbqZi8L2SQ6gqRL67HvEkojf6TCor39fydn5RN3bcVUD
2AA1...VkSz,2AA11kyAbqans2B15SE3HqBgBt8vQ7cfdCMZTNkZVkSz
2bAb...ouJY,2bAbeXrqc5AZm5LAtrdK3iHfE9oAHsDfrpAwRf5ZouJY
5Hoj...XBzG,5HojqjLm8medJANzCdFuxd1mwdESUfRYMBbprbQzXBzG
BwEJ...SQvW,BwEJCwDaJ74aHoC5xvEwANRvjdrsegxWbgHypt3XSQvW
5Tjs...FVqN,5TjsCp1ZfnNLdaFSqwVFvH3LoYkgvgM95vjRJe1GFVqN
EuPQ...RT2x,EuPQMS3nGktqktxoKPMogVmxUDvuYXbmTe6St5xxRT2x
3ZTF...oDa5,3ZTF8v6vnonj4oowGeFn1ZLNGZrdHNFwxGPc3eGvoDa5
E9KQ...xtKK,E9KQkBcFsf8iMjqR1VH3yXcc2X9kboEy837WVZykxtKK
J8Km...tFys,J8KmNrrShVTNyhLFVDohL6Z1F5xj7GV5NoCDcJhFtFys
4xGP...GYT6,4xGPhAuHDfSi4nfJnZrq8EAFLgfdvHkgJt1Rxog3GYT6
748L...bFdh,748LJh7KzeR1FWMnsGLiYMNGFsrxxeHoHochLGkmbFdh
2uto...ZyKY,2utoo9mvmHL5N4bzsfi4gWfKKbM2RGS1mgVm2664ZyKY
Cendol 岑铎,9A4h17UgLGaVws6T1mBxzH5gkG35CUSrTfNgNK5Uj4Rp
H4Hi...y59K,H4HiEUaUPpKubQPheagrXJGRqNrtrvgJRgBGnryWy59K
GixW...CQrL,GixW8YbCpcCP6bbbCYCEREZaUrgAGbMcszQvYU1oCQrL
AYDW...A47f,AYDWGeU3mMtnVJqSCEikAgyR1TbcVmFuKsyWXkVbA47f
7W8m...SZGa,7W8m2q6A8QHRkE8iucf5S3qGu4jU67Lt3pudm6FKSZGa
GTK1...QyeZ,GTK1oPTj9WfnaBtstN8ksXdn82aAW5Bicyn5uHrbQyeZ
CHXQ...KVo9,CHXQxQEisaQnGvZao1sGe91dM4hkRpcXsh3hAJ8QKVo9
3UUY...C6Yy,3UUYuqWz21wrT243qxchNzQLTtT97Cno78TfDAH5C6Yy
FcrT...67PJ,FcrT6mgq9AjdPFKm6bj1VUgYiUnGksaHEHUEE8vy67PJ
8Fhp...PckV,8FhpbCf3HsjDbPeHnh9Z6ppZQtX9hfbD6LAC8JMuPckV
5p9u...ofn5,5p9uo2WnhtoMKjnD2X9ahfXRDJnkRiknAdvVFL9Fofn5
Bz13...GY9Y,Bz137rCPnfUEFJ7HE2Hq4qdiu57JUbiGUvk45JtoGY9Y
J5kF...7cGh,J5kFfKpuR5hHFUE1vJyHcG4MeTn4bYGXYEYwP23c7cGh
tj71...1KVo,tj71SEP5xCtdL32XHYjHEv4Z5NGFezv2EZnbguJ1KVo
DNJF...5mnM,DNJFoUTvFpBg1okhRLyWD1aEtkKbqnX38MHkgwmD5mnM
DZE5...6Bqf,DZE5YxBFxsZXXrQpByS68QkzLFNwBnsrCBFgkF4U6Bqf
5Vr9...xDvT,5Vr9ZcJk9rZPZD1do9xa9kvfh2ipaKLCZ1FrXjRVxDvT
9Ftd...1wF9,9Ftd4VAX2J4ToRCNp7eWiKKnqCdAPVsMNeVoERVw1wF9
7cbb...X7cT,7cbbfwPXwVbGZ6SzLHGbao6mJ1g7ABDx7xxHUSAxX7cT
Dm3o...Lifm,Dm3oeiMU9EkrYJovToPToMh4GJRKYG6dcCcJMNHVLifm
chingchongslayer,4uCT4g7YHH4xxfmfNfKUDenwGrRNGoZ9Ay1XFxfUGhQG
tech,5d3jQcuUvsuHyZkhdp78FFqc7WogrzZpTtec1X9VNkuE
CdQF...1d26,CdQFpqQJBktE1eiGvikQx9sb1uUsujyuM3qsEbiD1d26
79vL...u1MU,79vLbGamXRjGFgPDte1cE9VYegQwxu6jQ79UhpaKu1MU
AUKC...RGot,AUKCJ8ZHtd2vwkmDPhtPPiiaiKYjxhugMtPRgPzCRGot
8sU1...iiUq,8sU1ci4iTUguAhn5CexpToTcrMdodt6xRLHgpQpiiiUq
Fdz4...1JTM,Fdz4K7meqsErpywEDezJcCWahLq5wAFt5t6UrDPE1JTM
A1A1...e1uw,A1A1bDGXpu6ew8n3fgrzQfZW33cP4vVzAnhTeJJqe1uw
B38X...QMH2,B38XvesBFjpj36n5R6DRLiCdYcyBfGx6C4hfkWYgQMH2
5hjA...ixZr,5hjANQDsPUDHKyFmxR6asHvTZXURj7ZmtCjnZbVzixZr
BeNb...Yr8E,BeNbZgWcnLDTFcrFWyFkNv5m4GCoChgH8FekDqURYr8E
2j7z...eXr5,2j7zJJMZGmgKr8KVe3JzULhovT29beimWcc5KTY3eXr5
3tsj...nKgf,3tsjSarhtnd5HGik4ULWi4stkgtJEQm8FzejLs6znKgf
G8CQ...cafa,G8CQnv9kKRvDKEaG88yGErXCx6ypwRBnNtVZZAk7cafa
7P4p...j1t4,7P4paAFXg7VH6QDpbNCe3hPxpfX34ddRrRroBJf2j1t4
Al4n,2YJbcB9G8wePrpVBcT31o8JEed6L3abgyCjt5qkJMymV
Aspect,hahaA2GjzZbwgAwwryjmTb8VkmLt68hdZVHhtcpknpT
AxAa...Uzb9,AxAa2ryTkRstgwKbKM4BsjGaY8pfPZBHdMYr6yHwUzb9
4ueE...ZrtP,4ueEtREy7MsMDXVTvBbDwAkCpZqAN7KD7T2PvoWpZrtP
6MhF...EoYz,6MhFDGsnqU3rc9pmieuZt5tQp4w8ZLYxTULrmtDmEoYz
JA4e...J2ZG,JA4e6ifZweUeSuJ2rk7ixn4NXUrLgLpMN9o2tuqhJ2ZG
Hq7y...6wDJ,Hq7yuosUQz8ux77MqeBPicnnBeyLYz1W1TqSts3x6wDJ
24tT...a7ci,24tTgqndWWfFh2ZLjU3ZBVeUFS2zTRXeojbAqPSNa7ci
4Zi4...BoBn,4Zi49XofevhXaPTq48HEtJatcBteT9PXCbv1W7ChBoBn
Ah3P...5n5a,Ah3PQ6i95moeNKomC8vmrMvEGok7BcQowyE7mk5x5n5a
7qDW...nR7a,7qDWoLdV1dN22KcZLr3jdbosGmQoW42rTykuiyu1nR7a
9kX5...nuLW,9kX5xCQy1tfyG9my735MFPSNh9yudsFDD6k6GAzsnuLW
35xT...wpTn,35xTqDx8GJhU3oyZH7qqEpfN9drsRE5XpuKAb2cBwpTn
DgmA...93Cm,DgmABt4WHtr6kiSXN3qtzv4qC8PLBw6fUKKkMd5C93Cm
96vJ...N7wd,96vJSNV4oHgejFBvrvpcWW4T5qYMkqJnvgCW7baXN7wd
58ea...fVD3,58eaVWDAVPrvGHMbWzPe574puceUV2xuFxjyEoWKfVD3
Betman,BoYHJoKntk3pjkaV8qFojEonSPWmWMfQocZTwDd1bcGG
HLT8...j1g5,HLT8TkBodUWMA5ZUH3sm52scQFSXbSPTTCN61M1dj1g5
WXGU...sR8C,WXGUQrafP6zL4FV634jMrkcSj616zYCNgFt9543sR8C
FiaP...S6tT,FiaP4uHpmDdme1iYqggtZ8qVFiQ6tL3Cit9RSAehS6tT
2bhC...9GrR,2bhCqMriizZt8SKoCQebxqCJHPCUyTX3MLhvdBNc9GrR
6Brx...bLAj,6BrxTUayVFQivaU4PDWWeedqca6iYiXXZe9A8amjbLAj
8Qk5...9pTF,8Qk5YmpbBc7eXyCxbGfbKm5e2B4FBJ9iSV2ErKMo9pTF
C54T...TLoG,C54Tr2KNwpkfJVuyCKyRwMpCkNLuuCm6UBBRS98ATLoG
GN9X...3QGi,GN9XbzyEVMBFDD7QzwpqpWZFyW261ZvCoJozhU4M3QGi
A5yP...TdnF,A5yPQ8mmBhxEFQ6LioiMJ8jEwve8qW76mPYB3FhUTdnF
9f6u...y5yp,9f6u28C8ynTY4VshSP3JhDTG6Yf8816YPxg1jA3dy5yp
Ggc1...aiiX,Ggc1UpxdMBgzerbFQuhGUCKgZHdKySPMqGcPwgSUaiiX
2b52...PbhX,2b52TdC8FTYmNCeCjR8mZnjHtJKbks6qaWWGGz4FPbhX
5A1C...C8CB,5A1ChnHmUnVrTKoX5Eck8grGm473e2JXYVfq75TC8CB
E4ft...Upj7,E4ftUWuP9xG14Lz5Hi2uXFRNWirbdWYBQyTGACDuUpj7
7pvM...6rA5,7pvMtpLLfvqJPjnF3uWgRtdrowE65Vs78StZVCXk6rA5
BoiT...vcHW,BoiT7Qf9KwQaCUPmFo1JTiRksp3fqKi8P9owRjJ3vcHW
EAQo...DBJ9,EAQoTAcqChYVVJ9cvkEpLHBmDDfcpDz7b8fHgcuHDBJ9
J57o...fh6s,J57oPL4K9pjb4RTx8C3cfoUFntsoYu6kyWw6ZXbzfh6s
8kDG...sxra,8kDG8yxxrBKDSux8uetS5drYFjUUmmYUmV2JsqQgsxra
AcTu...LQ7k,AcTu8mfVgvxJRCBY4tGb3h27KK8r5ZfqV8X6wbe7LQ7k
CsH2...TkqA,CsH2Z8rNFvwdXPrshg2AhxzGPhpzF6iovL6MnfF1TkqA
Gake,DNfuF1L62WWyW3pNakVkyGGFzVVhj4Yr52jSmdTyeBHm
GeJx...eAa8,GeJxQZXHmb4tB7zkXUXc9emtjHSzwk9xHsDpAB4DeAa8
8hBg...5pKK,8hBghLytv8szhrQ54ze3ZxHgsWaZfTNm2ahcLdW35pKK
74RH...pzXC,74RHb6krxa5Ny7ZwYh5uLhWXYhs7JTajyNwMVCuLpzXC
6qbr...3Apm,6qbr9YaGKqgiNDmiFznaCRB91uL3tZsLzeLJVTk13Apm
vcrh...SQrK,vcrh6vm7gihuXbdfLX2Ys5EGDTuGDo9wS7UU21YSQrK
N’o,Di75xbVUg3u1qcmZci3NcZ8rjFMj7tsnYEoFdEMjS4ow
7rTp...W1KH,7rTpJfURgCPuw1iCezc3cC3gpjL79YAKabi2nY2QW1KH
8Jcj...3K9k,8Jcjxet3LYJPVMowiFQ7PTTHZdc5wCZaP72dbntL3K9k
Paper,FwjYcbfktK8PC2bzCrqxR6QkUPxmHFbcFGNrz3YAV7ft
Veloce,2W14ahXD3XBfWJchQ4K5NLXmguWWcTTUTuHDhEzeuvP3
JBxq...5Cr8,JBxqS34CoeevGo2oLEP2NeAt5PmJPBFGX7WFQgfC5Cr8
GK,GxifJqkZv6CvgLVpcv5Z8tkqcCyVSWfUyvr2zCCjpEmV
9XoR...dpqQ,9XoRDtFKVpEy3Qsd9tuSMqMWaqB3ZqtJpau9bMJ9dpqQ
GqAR...n3nm,GqAR8Bt6kNZjk2HsHjoa1hELqCh6CEAmeoyGuoZUn3nm
2HvX...hm5x,2HvXq2GVgUnTNJGHri9idzcokSkaCxhmgBkxfMuPhm5x
C4Mg...VZ47,C4MgEByAS1rNZtEuKd6iPZBAk3GGvr1LcRoogPLgVZ47
7Vyu...38Pm,7VyuYyagg15djGSNKy4PcRTzFqcaLiEezhHtjoGR38Pm
7TN7...GGsu,7TN7TbPfmWzYak3YHkDmmZc32Bi6DBMSUdWT4cphGGsu
XeyW...BQzN,XeyWWfkqUJpXSXnytghwGc5d5J5idVNZLWMy6ANBQzN
A9KD...ktuA,A9KDFfMbvahW5RR6SY8RD8kvjKy2ZXzxBHbwKbvektuA
E4tJ...7sfb,E4tJHpXZwjB97X2ZFbPNDa1PFfu8ZyfxGyU7yD2i7sfb
86cL...QmbQ,86cLviTJSppyiB44jCh9BhB8AiRHnW1JAXF2ps1cQmbQ
6TEz...4CQP,6TEzieTemAnFmtitfxNcuh7LsETPV4MdTHngaFkm4CQP
6abf...dNde,6abfLZM5L9KJeMZ2eVpGb8xN3qb83Fnw2NVmGEGUdNde
FEQX...dwGP,FEQX82ySQSUFrnci3Rmc6a4xQoJgF52MCWkYaSomdwGP
8Nfn...7RCP,8Nfn7qTBfhwy9BmP6UDRBZQqyqjE5uKjrYrKVtsL7RCP
GzUC...1KPW,GzUCMaTPfYUs6uHQsk2Cms8ZY1oaVMNWukZa7oE31KPW
4qHp...qD49,4qHpWrUbmnKKbvbJGEkzriFDhXhztfGCy1uu2U5DqD49
8Kco...Prk3,8KcoFserot3kysdrKrmkJWbPbWuRaX63vxgG4ek4Prk3
AVy9...H711,AVy9H94xpsz97sXwvVdy37yG3EwxQb3FPd9UGunmH711
G4xa...ykmg,G4xaZtyUVbivfHgxez2tr5o8CfYHfFYg5T9BmMvKykmg
Dt1U...Lw5N,Dt1UHc2QKvQffN73TmFjgKVgaxXmwMXyWsnDDtnhLw5N
AKiG...fwwv,AKiGET26W9MNJAyEQ4XvoERfoGpriA3SXqay8J46fwwv
哈基学|985.eth,Gf9XgdmvNHt8fUTFsWAccNbKeyDXsgJyZN8iFJKg5Pbd
CzyT...Gtc5,CzyTufaAiSUPhTDuqbq24HnBC92dkwBUerDeMD4jGtc5
5Wb1...1mB5,5Wb1cuJ9uXtTMpqmxkrt6NA99Q2a5fnRg7EpWYQQ1mB5
5gQo...EJYE,5gQodWQxKn9C5Ccmw55bX73nt4fnjfykzrNC9vohEJYE
BUjN...e59d,BUjN8HoKVfZcnQW9n8ATZ8hRNiWDqJf6ufRKiVSe59d
2KqZ...6b54,2KqZfNxLPdqXTVEn6eqESoRXeSrjGE8zjSinWT7u6b54
prosciutto,4EsY8HQB4Ak65diFrSHjwWhKSGC8sKmnzyusM993gk2w
B7Rc...gKZV,B7Rcu3m2aY7L859D3CvvWPj27Jg77v88SxPdTGM9gKZV
BeWJ...JkUX,BeWJ4jLUXM5EVC5TMS7nqkUrzoyQ6cLZyzvLhtpTJkUX
4prW...nBU4,4prWWELbUehDF7Jh4nDvff3g2U2eWwJby2Nf5DvKnBU4
7gqW...ReXM,7gqWbEkw3LnWap5kLiBnmMeayDEL1Rz7owkPA6gAReXM
CX3e...r3DB,CX3eHtSontzs6BU4bFQbXsewgqgGQa7kTEsGfFgpr3DB
GYCb...JFou,GYCbbUdf7YhUd5UYmhaF4nVFrX5P6sTBduRWtx93JFou
J Spizzle,4z3WtX32eehkmnaNNstZWyAuVBhj6cgpk5JtkdTa4m4A
2fUy...rtsN,2fUy6V8bRUyJP4KmgyYwZ9dUcHUriLtP5joobqXnrtsN
5oiR...MbeS,5oiRhKQNr7oJB1uygPxrkqiQ5MojbBmkAd5XSFoBMbeS
55E5...iTuK,55E5dDUpfDaw7gfUwEWTsEhe65FLfMwyFxQjQXsQiTuK
CmPf...MVVV,CmPfpQxzo2jgGAyQPxNq7UkqLoiwCG5m5gz1QXUKMVVV
APWy...7vx9,APWyMRgLdBsDPsRzhTFbFHD6V4rF9otorTumyizP7vx9
FpZd...8sWY,FpZdPsr5JiNp2H2aAcvDENhSHKrAPaFmyStD5jns8sWY
J8Re...xNBe,J8ReNXLZinjNFiquQyGqvCpMSXQZJDbmfWLVXpHrxNBe
Pandora,UxuuMeyX2pZPHmGZ2w3Q8MysvExCAquMtvEfqp2etvm
Cv56...V7uQ,Cv56oXCukWui1DPzW14v2xCMx7M6eKQozpidNyTWV7uQ
FFec...rcaS,FFechMJUPCXFcxR9G8hTaMe8dcFXVzBA3WoUAGq4rcaS
HzwE...NAqM,HzwEt7ryBjJgJndgEERdXTKbnjkx4hoUhYgbSwTpNAqM
GL4k...d5bz,GL4krBuCxVkAVd5PPCP2PPh8XFSghs4RsU7xBmWHd5bz
EvFL...p31w,EvFLcXcG4AaAmKuyHcuEM6XuyzrMBrxVrYPVc4khp31w
A2x2...f2u8,A2x2HXsZm8v7oNiJ9ZVhLTBENW8qJ6zqhCZQ5oZaf2u8
838X...5Xcx,838Xw2CsFjpPCZ8nMrCZkqGwRZnE7kTMz6BkmRzC5Xcx
4n8V...wUav,4n8Vss1g7CiMvBa4VQuRFjws3GXbunTjAmUTepn8wUav
D4h6...Zfwp,D4h6ATStZf2zEUWUPLjowAVbyYzFY1yWGRHFQnjTZfwp
DWRx...E5bL,DWRxuHwMxCHKwEWjmPHH1Pf7tp2EeGnpygT4FPtaE5bL
AYUF...5yjt,AYUFKeq1Fx3pUTwA5sM2NfWMyU2SsUxcPDyP9BYC5yjt
5oND...4cqD,5oNDLHhMpsKWmWB5xiwDSWP27vapXifPnuj27YXH4cqD
4Xzm...xjuH,4Xzmt8Frhf4VMZToogxxxZnY4opWUX9DJyfqupMaxjuH
DFnF...5Jc2,DFnFEkf4RA5JiVc2pDF4vmmhV55mNwsu8xTfYh4D5Jc2
EFMu...Svxg,EFMuQQ1kKdBcGYuAfiqjYMfpF45KfJKzKPjwMoZjSvxg
4Bjh...9FHT,4BjhwVuzJT4FgiLB2SWwyn2CH3br4Y7XGM5hzjQS9FHT
7Pb8...5Eso,7Pb8RxAicEJRciCXCicBjtSbJSR6dYdJr4PG587y5Eso
5zAk...eLmS,5zAkaDT4B8JucKr6TfDgWMFv5oNpzFWgMaKrWwdGeLmS
7AaW...eqwy,7AaWHDtp5Pbijdt7M7REP8FNww2Wpy6KFcMAcNsgeqwy
J4Ag...yFyp,J4AgAETpRzUcLAAUX5Z84aUHNAtJFHvS2puQUH7hyFyp
8by2...BgUQ,8by2MhnfkFgHgj1sB2NHWh5StuKmKis4mrJPNRxpBgUQ
7Daa...1r7K,7DaaJYE2dQYQeHY4RbMg3XvN6415KTWcycFJqkN81r7K
CmaD...S6tB,CmaDnfE48modeXFqZ1nkEk7LoowJNJJjom9XnzfYS6tB
AzSe...dEXp,AzSeSDiESCzyYjCzTPZFwkLXrJSNbHEE237cbqxMdEXp
9N2K...fXf7,9N2KjgLCxq96ZQ6mzyw2sTC5pG7XRn3Vf6pCEUzifXf7
Cooker,8deJ9xeUvXSJwicYptA9mHsU2rN2pDx37KWzkDkEXhU6
14Uf...Vjfa,14UfH8Kpg4T8Xs3xQZ7SrEeLziPKVpzmN3wYSJLkVjfa
9Cvq...LfP6,9CvqMTmWG9ygtQNyRwXmspN4fTLQ4iQAsHtJpC8aLfP6
DBN1...nxao,DBN1ppL8hWEBXYyvG4rNzAUWsQjTwWc5VGCVHxx7nxao
EaTm...drRq,EaTm9j9fC9HHSffTeAWvqH4cef74AtBnkweq4Fo4drRq
9fmW...fmQT,9fmWkRpAp9HfzGQ8G9hubvEgbxLdFdamDtLqDcBqfmQT
DPB9...WNEF,DPB9x9XuZr955R4k7vynuWgHLMP9QdyDJT6KM2T7WNEF
Ek4G...SXyn,Ek4GhRzsMg5bbPLpJ8APNxf92PjKtoW2jRwVN9FBSXyn
8esy...VJjz,8esySKzHMVJ5bKQDif9AeDqwLdR6r7PxbdPYnryHVJjz
GXU5...5pWj,GXU5uqS2ss4UsHBNXfQSZMtxamkfyUVd87iAsQPD5pWj
GkBB...N5k7,GkBB2NxFPxqHhVGMKf5nc3eahf87ETPepsYtXkRvN5k7
B7Eg...mwGK,B7EgiSn8y9MmLi9QGR5n5wYXH94C5rR2suqSxSfimwGK
CUai...Jq6D,CUai7cSPhGkTGLooyCyNjhyJgYWh3LPv5fLQmafGJq6D
2ojv...UvcD,2ojvyoTze28fdgy9JkQzB552fhmNZpSx6kieQL2wUvcD
4ksw...Q8fV,4kswfATqTetyeRkS7BczEKu5Kn7DqeKipx7bSDdnQ8fV
3yk7...WTqq,3yk76VaHPqhbmkCVmzaMd7WZSf7ZiKPA6iy24xQZWTqq
5zVX...QUSK,5zVXtCeL2MPLTB626RDVeYaB324pm8WF4sJnMFkYQUSK
6zma...XBZo,6zmanCyCdMPdEnQ4tQaGTMaz8dzX6Xx9pJ434Hj1XBZo
BWVx...T9ng,BWVx8REoiguFUEDiCkD4xR7r2RnY4yG66STB7EzbT9ng
Gh2z...A9WC,Gh2zCf8hUNFHsLPEAgSRQFjyncU7tCyfpvTxy8pPA9WC
Eiya...5pXs,EiyaJeT4mWV4EDxF77EW9yhbuo2xBegghb2z9Lhv5pXs
6MaZ...yhFm,6MaZjXn6nQT9bst8LWFpTznArrGsbnFrSYa5CrSRyhFm
8hx2...kvo9,8hx2Jp99rxsp7p5HaM3eVTY7eHYZQT81et3Pg6Lkkvo9
CkQg...uM8p,CkQgzJWLEDByctg4PZLW7rFuqu2u1vY3xNS1gNMwuM8p
7uyo...JXaR,7uyoH6ALrSXk6Xkn2fBhHqcGq3LjhtRTPwbTv2swJXaR
HS2p...zZnk,HS2pqWDGUexHK9ySHAp6y4woCzky895KLRm7YrQZzZnk
Giuc...T5SG,GiucKGfahZNnWzPUSWuraePahEsn9pQi7rbfPhmwT5SG
EX3w...H7dM,EX3wzTgzaqPhZatSsvB7aggx6TzY9N2F4aqsLokTH7dM
4QYB...4gpr,4QYB69QLE2R68ytpKTkcH8GQSLr6BfFLfpRGhQWZ4gpr
